song,reentry_date,reentry_position,artist,reentry_popularity,entry_number,exit_date,last_position,days_outside
LOVE DIVE,2024-05-21,49.0,IVE,83.0,2,2024-05-19,48.0,1
Teddy Bear,2024-05-21,47.0,STAYC,74.0,2,2024-05-18,47.0,2
Kill Bill,2024-05-21,46.0,SZA,94.0,2,2024-05-19,46.0,1
Love Always Run Away,2024-05-23,47.0,Lim Young Woong,58.0,2,2024-05-18,50.0,4
VIBE (feat. Jimin of BTS),2024-05-24,43.0,TAEYANG,68.0,2,2024-05-22,49.0,1
Interlude : Dive,2024-05-24,48.0,Jimin,77.0,2,2024-05-20,38.0,3
Love Always Run Away,2024-05-25,50.0,Lim Young Woong,58.0,3,2024-05-23,47.0,1
Like Crazy (UK Garage Remix),2024-05-28,44.0,Jimin,72.0,2,2024-05-20,47.0,7
Promise,2024-05-28,45.0,Jimin,77.0,2,2024-05-20,43.0,7
Like Crazy (Deep House Remix),2024-05-28,43.0,Jimin,73.0,2,2024-05-20,46.0,7
LOVE DIVE,2024-05-29,49.0,IVE,83.0,3,2024-05-22,50.0,6
Teddy Bear,2024-05-29,45.0,STAYC,74.0,3,2024-05-27,49.0,1
Promise,2024-05-30,42.0,Jimin,77.0,3,2024-05-28,45.0,1
Like Crazy (Deep House Remix),2024-05-30,48.0,Jimin,72.0,3,2024-05-28,43.0,1
Love Always Run Away,2024-05-30,49.0,Lim Young Woong,58.0,4,2024-05-25,50.0,4
I Love You,2024-05-30,46.0,Lim Young Woong,56.0,2,2024-05-27,47.0,2
Teddy Bear,2024-05-31,48.0,STAYC,74.0,4,2024-05-29,45.0,1
Candy (Feat. Zion.T),2024-05-31,47.0,Jay Park,62.0,2,2024-05-28,49.0,2
Like Crazy (Deep House Remix),2024-06-01,47.0,Jimin,72.0,4,2024-05-30,48.0,1
Like Crazy (UK Garage Remix),2024-06-01,50.0,Jimin,72.0,3,2024-05-28,44.0,3
Love Always Run Away,2024-06-02,50.0,Lim Young Woong,58.0,5,2024-05-31,49.0,1
Promise,2024-06-02,42.0,Jimin,77.0,4,2024-05-30,42.0,2
I Love You,2024-06-03,44.0,Lim Young Woong,56.0,3,2024-05-31,50.0,2
Lovely Touch,2024-06-03,48.0,Lim Young Woong,56.0,2,2024-05-24,45.0,9
NIGHT DANCER - BIG Naughty Remix,2024-06-03,50.0,imase & BIG Naughty,59.0,2,2024-05-23,41.0,10
Like Crazy (UK Garage Remix),2024-06-03,49.0,Jimin,72.0,4,2024-06-01,50.0,1
Dangerously,2024-06-04,47.0,Charlie Puth,48.0,2,2024-06-02,47.0,1
Love Me Like This,2024-06-05,50.0,NMIXX,79.0,2,2024-06-02,46.0,2
Lovely Touch,2024-06-05,49.0,Lim Young Woong,56.0,3,2024-06-03,48.0,1
Teddy Bear,2024-06-05,46.0,STAYC,73.0,5,2024-06-02,49.0,2
Candy (Feat. Zion.T),2024-06-05,45.0,Jay Park,65.0,3,2024-06-01,45.0,3
Love Always Run Away,2024-06-05,48.0,Lim Young Woong,58.0,6,2024-06-03,47.0,1
Fighting (Feat. Lee Young Ji),2024-06-06,49.0,BSS,78.0,2,2024-06-02,45.0,3
VIBE (feat. Jimin of BTS),2024-06-06,45.0,TAEYANG,69.0,3,2024-06-04,36.0,1
People Pt.2 (feat. IU),2024-06-07,45.0,Agust D,80.0,2,2024-06-03,43.0,3
Love Me Like This,2024-06-07,50.0,NMIXX,30.0,3,2024-06-05,50.0,1
Promise,2024-06-08,50.0,Jimin,77.0,5,2024-06-02,42.0,5
Like Crazy (Deep House Remix),2024-06-08,45.0,Jimin,72.0,5,2024-06-03,46.0,4
With you,2024-06-08,44.0,Jimin & HA SUNG WOON,76.0,2,2024-05-20,50.0,18
Like Crazy (UK Garage Remix),2024-06-08,49.0,Jimin,71.0,5,2024-06-03,49.0,4
Dance The Night (From Barbie The Album),2024-06-09,46.0,Dua Lipa,90.0,2,2024-06-03,42.0,5
A bientot,2024-06-09,44.0,Lim Young Woong,58.0,2,2024-06-07,41.0,1
Love Always Run Away,2024-06-09,48.0,Lim Young Woong,58.0,7,2024-06-07,48.0,1
Candy (Feat. Zion.T),2024-06-09,50.0,Jay Park,66.0,4,2024-06-05,45.0,3
Like Crazy (UK Garage Remix),2024-06-10,48.0,Jimin,71.0,6,2024-06-08,49.0,1
Promise,2024-06-10,50.0,Jimin,77.0,6,2024-06-08,50.0,1
I Love You,2024-06-10,46.0,Lim Young Woong,56.0,4,2024-06-06,43.0,3
Like Crazy (Deep House Remix),2024-06-10,45.0,Jimin,71.0,6,2024-06-08,45.0,1
Kill Bill,2024-06-11,49.0,SZA,94.0,3,2024-06-09,49.0,1
Vancouver,2024-06-12,50.0,BIG Naughty,59.0,2,2024-06-10,39.0,1
Love Always Run Away,2024-06-13,47.0,Lim Young Woong,58.0,8,2024-06-10,47.0,2
Dangerously,2024-06-13,49.0,Charlie Puth,64.0,3,2024-06-08,46.0,4
I Love You,2024-06-13,46.0,Lim Young Woong,56.0,5,2024-06-11,50.0,1
Like Crazy (Instrumental),2024-06-14,49.0,Jimin,68.0,2,2024-06-12,47.0,1
Bite Me,2024-06-14,47.0,ENHYPEN,88.0,2,2024-06-10,49.0,3
Filter,2024-06-14,43.0,BTS,75.0,2,2024-06-12,46.0,1
Haegeum,2024-06-16,48.0,Agust D,90.0,2,2024-06-12,49.0,3
Dangerously,2024-06-16,44.0,Charlie Puth,64.0,4,2024-06-13,49.0,2
I Don’t Think That I Like Her,2024-06-16,49.0,Charlie Puth,73.0,2,2024-05-29,47.0,17
I Don’t Think That I Like Her,2024-06-18,49.0,Charlie Puth,73.0,3,2024-06-16,49.0,1
LOVE DIVE,2024-06-19,48.0,IVE,83.0,4,2024-05-29,49.0,20
Like Crazy (UK Garage Remix),2024-06-20,42.0,Jimin,71.0,7,2024-06-17,48.0,2
Like Crazy (Deep House Remix),2024-06-20,43.0,Jimin,71.0,7,2024-06-17,46.0,2
Haegeum,2024-06-21,50.0,Agust D,90.0,3,2024-06-18,45.0,2
Christmas Love,2024-06-21,48.0,Jimin,68.0,2,2024-06-18,50.0,2
Like Crazy (Instrumental),2024-06-21,41.0,Jimin,68.0,3,2024-06-15,48.0,5
Filter,2024-06-21,47.0,BTS,76.0,3,2024-06-15,45.0,5
The Planet,2024-06-22,42.0,BTS,88.0,2,2024-06-20,46.0,1
A bientot,2024-06-22,46.0,Lim Young Woong,58.0,3,2024-06-20,48.0,1
FLOWER,2024-06-23,48.0,JISOO,85.0,2,2024-06-21,49.0,1
Kill Bill,2024-06-23,47.0,SZA,94.0,4,2024-06-19,47.0,3
I Don’t Think That I Like Her,2024-06-25,48.0,Charlie Puth,73.0,4,2024-06-20,49.0,4
Like Crazy (UK Garage Remix),2024-06-27,46.0,Jimin,71.0,8,2024-06-24,49.0,2
Like Crazy (Deep House Remix),2024-06-27,45.0,Jimin,71.0,8,2024-06-24,47.0,2
Promise,2024-06-28,42.0,Jimin,77.0,7,2024-06-26,45.0,1
With you,2024-06-28,43.0,Jimin & HA SUNG WOON,76.0,3,2024-06-24,43.0,3
FLOWER,2024-06-29,44.0,JISOO,85.0,3,2024-06-27,40.0,1
I Don’t Think That I Like Her,2024-07-01,50.0,Charlie Puth,74.0,5,2024-06-26,48.0,4
Dangerously,2024-07-01,44.0,Charlie Puth,65.0,5,2024-06-20,50.0,10
People Pt.2 (feat. IU),2024-07-02,35.0,Agust D,78.0,3,2024-06-07,45.0,24
The Planet,2024-07-02,44.0,BTS,87.0,3,2024-06-24,48.0,7
Promise,2024-07-03,47.0,Jimin,77.0,8,2024-07-01,41.0,1
Like Crazy (UK Garage Remix),2024-07-03,50.0,Jimin,71.0,9,2024-07-01,42.0,1
Like Crazy (Deep House Remix),2024-07-03,49.0,Jimin,71.0,9,2024-07-01,39.0,1
Thirsty,2024-07-04,50.0,aespa,77.0,2,2024-07-02,49.0,1
Dare to Love (feat. BIG Naughty),2024-07-04,48.0,B.I,64.0,2,2024-07-01,48.0,2
With you,2024-07-05,50.0,Jimin & HA SUNG WOON,77.0,4,2024-06-28,43.0,6
Cruel Summer,2024-07-07,44.0,Taylor Swift,98.0,2,2024-07-04,35.0,2
Super,2024-07-07,47.0,SEVENTEEN,88.0,2,2024-07-04,33.0,2
Promise,2024-07-07,46.0,Jimin,77.0,9,2024-07-04,49.0,2
Attention,2024-07-07,37.0,NewJeans,85.0,2,2024-07-04,29.0,2
Cupid - Twin Ver.,2024-07-07,43.0,FIFTY FIFTY,99.0,2,2024-07-04,31.0,2
Sunflower - Spider-Man: Into the Spider-Verse,2024-07-07,50.0,Post Malone,89.0,2,2024-07-04,32.0,2
Rainbow,2024-07-08,50.0,Lim Young Woong,60.0,2,2024-07-04,37.0,3
Cupid,2024-07-09,50.0,FIFTY FIFTY,87.0,2,2024-07-04,36.0,4
Like Crazy (Deep House Remix),2024-07-09,46.0,Jimin,71.0,10,2024-07-03,49.0,5
Rainbow,2024-07-10,43.0,Lim Young Woong,60.0,3,2024-07-08,50.0,1
Sunflower - Spider-Man: Into the Spider-Verse,2024-07-10,46.0,Post Malone,89.0,3,2024-07-08,45.0,1
"Our Blues, Our Life",2024-07-10,45.0,Lim Young Woong,60.0,2,2024-07-04,40.0,5
A bientot,2024-07-11,47.0,Lim Young Woong,59.0,4,2024-07-04,47.0,6
Promise,2024-07-12,49.0,Jimin,77.0,10,2024-07-10,47.0,1
A bientot,2024-07-13,50.0,Lim Young Woong,59.0,5,2024-07-11,47.0,1
The Planet,2024-07-16,46.0,BTS,86.0,4,2024-07-04,43.0,11
Sunflower - Spider-Man: Into the Spider-Verse,2024-07-16,50.0,Post Malone,89.0,4,2024-07-14,49.0,1
In Bloom,2024-07-17,48.0,ZEROBASEONE,76.0,2,2024-07-14,44.0,2
A bientot,2024-07-17,50.0,Lim Young Woong,59.0,6,2024-07-13,50.0,3
ANTIFRAGILE,2024-07-17,49.0,LE SSERAFIM,79.0,2,2024-07-04,42.0,12
Broken Melodies,2024-07-20,44.0,NCT DREAM,56.0,2,2024-06-30,50.0,19
VIBE (feat. Jimin of BTS),2024-07-20,49.0,TAEYANG,72.0,4,2024-07-15,50.0,4
Sunflower - Spider-Man: Into the Spider-Verse,2024-07-21,48.0,Post Malone,88.0,5,2024-07-16,50.0,4
In Bloom,2024-07-22,50.0,ZEROBASEONE,79.0,3,2024-07-19,49.0,2
Lilith (feat. SUGA of BTS) (Diablo IV Anthem),2024-07-22,46.0,Halsey & SUGA,85.0,2,2024-07-19,47.0,2
FLOWER,2024-07-23,45.0,JISOO,84.0,4,2024-06-30,44.0,22
A bientot,2024-07-23,50.0,Lim Young Woong,58.0,7,2024-07-18,50.0,4
vampire,2024-07-25,48.0,Olivia Rodrigo,98.0,2,2024-07-22,42.0,2
Dance The Night (From Barbie The Album),2024-07-26,45.0,Dua Lipa,95.0,3,2024-06-09,46.0,46
Cupid - Twin Ver.,2024-07-26,49.0,FIFTY FIFTY,97.0,3,2024-07-21,45.0,4
Seven (feat. Latto) (Band Ver.),2024-07-27,34.0,Jung Kook & Latto,77.0,2,2024-07-22,16.0,4
My You,2024-07-27,49.0,Jung Kook,87.0,2,2024-07-22,35.0,4
Seven (feat. Latto) (Summer Mix),2024-07-27,35.0,Jung Kook & Latto,77.0,2,2024-07-22,12.0,4
K-POP,2024-07-29,46.0,Travis Scott & Bad Bunny & The Weeknd,91.0,2,2024-07-26,47.0,2
Dance The Night (From Barbie The Album),2024-07-30,50.0,Dua Lipa,96.0,4,2024-07-28,41.0,1
If We Ever Meet Again,2024-07-30,40.0,Lim Young Woong,61.0,2,2024-07-28,43.0,1
Interlude : Dive,2024-07-30,44.0,Jimin,78.0,3,2024-07-28,45.0,1
Let's Say Goodbye,2024-07-30,38.0,Parc Jae Jung,53.0,2,2024-07-28,39.0,1
"Angel Pt. 2 (feat. Jimin of BTS, Charlie Puth and Muni Long)",2024-07-31,45.0,Fast & Furious: The Fast Saga & Jimin & BTS,74.0,2,2024-07-28,46.0,2
My You,2024-07-31,50.0,Jung Kook,86.0,3,2024-07-28,49.0,2
Super,2024-07-31,49.0,SEVENTEEN,86.0,3,2024-07-28,48.0,2
Lilith (feat. SUGA of BTS) (Diablo IV Anthem),2024-07-31,41.0,Halsey & SUGA,84.0,3,2024-07-28,50.0,2
Rainbow,2024-07-31,46.0,Lim Young Woong,59.0,4,2024-07-26,48.0,4
vampire,2024-07-31,48.0,Olivia Rodrigo,98.0,3,2024-07-28,42.0,2
"Our Blues, Our Life",2024-07-31,47.0,Lim Young Woong,59.0,3,2024-07-26,50.0,4
Seven (feat. Latto) (Band Ver.),2024-08-02,49.0,Jung Kook & Latto,77.0,3,2024-07-30,46.0,2
My You,2024-08-03,47.0,Jung Kook,85.0,4,2024-08-01,50.0,1
A bientot,2024-08-04,50.0,Lim Young Woong,57.0,8,2024-07-25,46.0,9
Seven (feat. Latto) (Band Ver.),2024-08-05,49.0,Jung Kook & Latto,77.0,4,2024-08-02,49.0,2
Cupid - Twin Ver.,2024-08-06,50.0,FIFTY FIFTY,96.0,4,2024-07-26,49.0,10
A bientot,2024-08-06,49.0,Lim Young Woong,57.0,9,2024-08-04,50.0,1
My You,2024-08-07,50.0,Jung Kook,85.0,5,2024-08-04,48.0,2
Lilith (feat. SUGA of BTS) (Diablo IV Anthem),2024-08-07,49.0,Halsey & SUGA,82.0,4,2024-08-05,45.0,1
Love Always Run Away,2024-08-09,50.0,Lim Young Woong,57.0,9,2024-06-13,47.0,56
My You,2024-08-10,50.0,Jung Kook,84.0,6,2024-08-08,50.0,1
Love Always Run Away,2024-08-11,50.0,Lim Young Woong,57.0,10,2024-08-09,50.0,1
Stay Alive (Prod. SUGA of BTS),2024-08-12,49.0,Jung Kook,80.0,2,2024-07-18,36.0,24
SOS,2024-08-12,47.0,KANGDANIEL,73.0,2,2024-08-10,30.0,1
Kitsch,2024-08-17,49.0,IVE,77.0,2,2024-08-15,50.0,1
Kitsch,2024-08-19,50.0,IVE,76.0,3,2024-08-17,49.0,1
"Our Blues, Our Life",2024-08-20,49.0,Lim Young Woong,58.0,4,2024-08-17,47.0,2
Intro: Singularity,2024-08-21,49.0,BTS,71.0,2,2024-08-18,45.0,2
SOS,2024-08-23,45.0,KANGDANIEL,72.0,3,2024-08-21,41.0,1
"Our Blues, Our Life",2024-08-24,47.0,Lim Young Woong,58.0,5,2024-08-20,49.0,3
Sugarcoat (NATTY Solo),2024-08-24,44.0,KISS OF LIFE,73.0,2,2024-08-22,50.0,1
"Angel Pt. 2 (feat. Jimin of BTS, Charlie Puth and Muni Long)",2024-08-24,50.0,Fast & Furious: The Fast Saga & Jimin & BTS,72.0,3,2024-08-19,47.0,4
Lilith (feat. SUGA of BTS) (Diablo IV Anthem),2024-08-25,50.0,Halsey & SUGA,80.0,5,2024-08-23,46.0,1
Intro: Singularity,2024-08-27,49.0,BTS,71.0,3,2024-08-23,50.0,3
A bientot,2024-08-28,49.0,Lim Young Woong,57.0,10,2024-08-12,44.0,15
Lilith (feat. SUGA of BTS) (Diablo IV Anthem),2024-08-30,47.0,Halsey & SUGA,79.0,6,2024-08-26,48.0,3
SOS,2024-08-31,49.0,KANGDANIEL,70.0,4,2024-08-23,45.0,7
Attention,2024-09-01,49.0,NewJeans,83.0,3,2024-08-30,48.0,1
Rainbow,2024-09-01,50.0,Lim Young Woong,58.0,5,2024-08-30,50.0,1
アイドル,2024-09-03,45.0,YOASOBI,88.0,2,2024-08-31,48.0,2
A bientot,2024-09-03,50.0,Lim Young Woong,57.0,11,2024-08-28,49.0,5
"Our Blues, Our Life",2024-09-03,44.0,Lim Young Woong,58.0,6,2024-08-29,50.0,4
Sweet Night,2024-09-04,39.0,V,80.0,2,2024-08-31,41.0,3
Memories,2024-09-05,24.0,RIIZE,71.0,2,2024-09-02,47.0,2
Seven (feat. Latto) (Alesso Remix),2024-09-05,46.0,Jung Kook & Latto,71.0,2,2024-08-30,17.0,5
Fry’s Dream,2024-09-05,41.0,AKMU,59.0,2,2024-08-25,46.0,10
Seven (feat. Latto) (Alesso Remix),2024-09-07,24.0,Jung Kook & Latto,72.0,3,2024-09-05,46.0,1
Sweet Night,2024-09-07,47.0,V,80.0,3,2024-09-05,49.0,1
Better Things,2024-09-09,50.0,aespa,81.0,2,2024-09-06,50.0,2
Sugarcoat (NATTY Solo),2024-09-09,49.0,KISS OF LIFE,74.0,3,2024-09-06,47.0,2
"Steal The Show - From ""Elemental""",2024-09-09,44.0,Lauv,77.0,2,2024-09-06,48.0,2
"Our Blues, Our Life",2024-09-10,37.0,Lim Young Woong,59.0,7,2024-09-06,49.0,3
A bientot,2024-09-10,44.0,Lim Young Woong,57.0,12,2024-09-04,46.0,5
Rainbow,2024-09-10,36.0,Lim Young Woong,59.0,6,2024-09-08,49.0,1
Fry’s Dream,2024-09-12,39.0,AKMU,61.0,3,2024-09-09,43.0,2
Click Like (Prod. Crush) (Feat. Paul Blanco),2024-09-13,48.0,Various Artists,66.0,2,2024-09-09,41.0,3
Lilith (feat. SUGA of BTS) (Diablo IV Anthem),2024-09-13,49.0,Halsey & SUGA,78.0,7,2024-09-02,48.0,10
Sugarcoat (NATTY Solo),2024-09-13,46.0,KISS OF LIFE,74.0,4,2024-09-09,49.0,3
Let's Say Goodbye,2024-09-14,46.0,Parc Jae Jung,55.0,3,2024-09-12,48.0,1
"Angel Pt. 1 (feat. Jimin of BTS, JVKE & Muni Long) - Trailer Version",2024-09-14,35.0,Fast & Furious: The Fast Saga & Jimin & BTS,70.0,2,2024-06-04,43.0,101
Interlude : Dive,2024-09-14,26.0,Jimin,77.0,4,2024-09-12,32.0,1
Spicy,2024-09-15,46.0,aespa,80.0,2,2024-09-12,50.0,2
Attention,2024-09-15,48.0,NewJeans,83.0,4,2024-09-04,49.0,10
Slow Dancing,2024-09-17,6.0,V,91.0,2,2024-09-14,5.0,2
Memories,2024-09-18,47.0,RIIZE,73.0,3,2024-09-16,41.0,1
Christmas Tree,2024-09-18,44.0,V,81.0,2,2024-09-09,32.0,8
A bientot,2024-09-19,50.0,Lim Young Woong,57.0,13,2024-09-14,48.0,4
アイドル,2024-09-22,48.0,YOASOBI,86.0,3,2024-09-03,45.0,18
Vancouver,2024-09-22,50.0,BIG Naughty,56.0,3,2024-06-13,50.0,100
A bientot,2024-09-23,49.0,Lim Young Woong,57.0,14,2024-09-21,50.0,1
Sunflower - Spider-Man: Into the Spider-Verse,2024-09-24,47.0,Post Malone,85.0,6,2024-07-22,47.0,63
Queencard,2024-09-24,50.0,(G)I-DLE,85.0,2,2024-09-11,43.0,12
Memories,2024-09-25,50.0,RIIZE,73.0,4,2024-09-23,47.0,1
I Love You,2024-09-25,48.0,Lim Young Woong,55.0,6,2024-06-14,50.0,102
But Sometimes,2024-09-27,49.0,BOYNEXTDOOR,70.0,2,2024-09-23,39.0,3
Baggy Jeans,2024-09-28,50.0,NCT,64.0,2,2024-09-21,46.0,6
Attention,2024-09-28,49.0,NewJeans,81.0,5,2024-09-26,49.0,1
Interlude : Dive,2024-09-29,35.0,Jimin,76.0,5,2024-09-27,45.0,1
Queencard,2024-09-29,49.0,(G)I-DLE,85.0,3,2024-09-24,50.0,4
"Our Blues, Our Life",2024-09-29,47.0,Lim Young Woong,58.0,8,2024-09-27,41.0,1
A bientot,2024-09-30,50.0,Lim Young Woong,57.0,15,2024-09-27,48.0,2
My You,2024-09-30,47.0,Jung Kook,79.0,7,2024-08-11,47.0,49
Better Things,2024-10-02,50.0,aespa,80.0,3,2024-09-16,50.0,15
Memories,2024-10-02,47.0,RIIZE,74.0,5,2024-09-28,44.0,3
Love Always Run Away,2024-10-02,48.0,Lim Young Woong,57.0,11,2024-08-11,50.0,51
Cruel Summer,2024-10-04,46.0,Taylor Swift,98.0,3,2024-09-29,44.0,4
Interlude : Dive,2024-10-06,37.0,Jimin,77.0,6,2024-09-29,35.0,6
アイドル,2024-10-06,44.0,YOASOBI,30.0,4,2024-10-01,45.0,4
"Our Blues, Our Life",2024-10-07,49.0,Lim Young Woong,58.0,9,2024-10-05,45.0,1
A bientot,2024-10-09,48.0,Lim Young Woong,57.0,16,2024-10-05,47.0,3
3D (feat. Jack Harlow) (Instrumental),2024-10-09,50.0,Jung Kook & Jack Harlow,60.0,2,2024-10-05,28.0,3
greedy,2024-10-10,50.0,Tate McRae,96.0,2,2024-10-08,48.0,1
You & Me (Coachella ver.),2024-10-10,16.0,JENNIE,74.0,2,2024-10-07,4.0,2
Interlude : Dive,2024-10-12,39.0,Jimin,77.0,7,2024-10-09,45.0,2
A bientot,2024-10-13,45.0,Lim Young Woong,57.0,17,2024-10-09,48.0,3
"Our Blues, Our Life",2024-10-13,39.0,Lim Young Woong,58.0,10,2024-10-09,46.0,3
Interlude : Dive,2024-10-14,46.0,Jimin,77.0,8,2024-10-12,39.0,1
Love Always Run Away,2024-10-14,49.0,Lim Young Woong,57.0,12,2024-10-03,48.0,10
Haegeum,2024-10-16,47.0,Agust D,84.0,4,2024-10-12,50.0,3
A Psalm of Life,2024-10-16,50.0,Lim Young Woong,57.0,2,2024-06-06,50.0,131
Dreamers [Music from the FIFA World Cup Qatar 2022 Official Soundtrack],2024-10-16,38.0,Jung Kook & BTS,82.0,2,2024-10-13,48.0,2
Interlude : Dive,2024-10-17,42.0,Jimin,78.0,9,2024-10-15,46.0,1
I Love You,2024-10-17,49.0,Lim Young Woong,56.0,7,2024-09-26,48.0,20
A Psalm of Life,2024-10-19,49.0,Lim Young Woong,57.0,3,2024-10-16,50.0,2
Fact Check,2024-10-19,50.0,NCT 127,74.0,2,2024-10-13,44.0,5
Cool With You,2024-10-19,48.0,NewJeans,85.0,2,2024-10-15,50.0,3
Haegeum,2024-10-20,49.0,Agust D,84.0,5,2024-10-16,47.0,3
Cruel Summer,2024-10-20,45.0,Taylor Swift,99.0,4,2024-10-08,50.0,11
Dreamers [Music from the FIFA World Cup Qatar 2022 Official Soundtrack],2024-10-20,42.0,Jung Kook & BTS,82.0,3,2024-10-18,31.0,1
Love Always Run Away,2024-10-21,47.0,Lim Young Woong,58.0,13,2024-10-15,49.0,5
A Psalm of Life,2024-10-21,45.0,Lim Young Woong,57.0,4,2024-10-19,49.0,1
Interlude : Dive,2024-10-22,35.0,Jimin,79.0,10,2024-10-20,31.0,1
I Love You,2024-10-22,45.0,Lim Young Woong,57.0,8,2024-10-18,49.0,3
Hype Boy,2024-10-22,50.0,NewJeans,85.0,2,2024-10-20,48.0,1
Lovely Touch,2024-10-22,49.0,Lim Young Woong,56.0,4,2024-06-06,48.0,137
Still With You,2024-10-23,44.0,Jung Kook,84.0,2,2024-10-20,37.0,2
Haegeum,2024-10-23,45.0,Agust D,84.0,6,2024-10-21,50.0,1
Cruel Summer,2024-10-24,50.0,Taylor Swift,100.0,5,2024-10-21,46.0,2
VIBE (feat. Jimin of BTS),2024-10-26,50.0,TAEYANG,71.0,5,2024-07-20,49.0,97
Left and Right (Feat. Jung Kook of BTS),2024-10-26,30.0,Charlie Puth,83.0,2,2024-10-23,32.0,2
Dreamers [Music from the FIFA World Cup Qatar 2022 Official Soundtrack],2024-10-26,33.0,Jung Kook & BTS,82.0,4,2024-10-22,47.0,3
HERO,2024-10-27,49.0,Lim Young Woong,56.0,2,2024-10-23,50.0,3
"Angel Pt. 1 (feat. Jimin of BTS, JVKE & Muni Long) - Trailer Version",2024-10-27,50.0,Fast & Furious: The Fast Saga & Jimin & BTS,71.0,3,2024-09-16,49.0,40
VIBE (feat. Jimin of BTS),2024-10-29,43.0,TAEYANG,71.0,6,2024-10-26,50.0,2
Father,2024-10-30,47.0,Lim Young Woong,57.0,2,2024-10-26,47.0,3
"Angel Pt. 1 (feat. Jimin of BTS, JVKE & Muni Long) - Trailer Version",2024-10-31,46.0,Fast & Furious: The Fast Saga & Jimin & BTS,71.0,4,2024-10-28,50.0,2
Father,2024-11-01,43.0,Lim Young Woong,57.0,3,2024-10-30,47.0,1
VIBE (feat. Jimin of BTS),2024-11-02,48.0,TAEYANG,71.0,7,2024-10-29,43.0,3
New Jeans,2024-11-03,48.0,NewJeans,84.0,2,2024-10-29,49.0,4
"Angel Pt. 2 (feat. Jimin of BTS, Charlie Puth and Muni Long)",2024-11-03,44.0,Fast & Furious: The Fast Saga & Jimin & BTS,69.0,4,2024-08-24,50.0,70
Somebody,2024-11-04,12.0,Jung Kook,0.0,2,2024-10-06,47.0,28
VIBE (feat. Jimin of BTS),2024-11-04,45.0,TAEYANG,71.0,8,2024-11-02,48.0,1
HERO,2024-11-05,48.0,Lim Young Woong,57.0,3,2024-11-03,45.0,1
Christmas Love,2024-11-05,28.0,Jimin,69.0,3,2024-06-22,48.0,135
Talk Saxy,2024-11-07,50.0,RIIZE,67.0,2,2024-11-04,40.0,2
Take Two,2024-11-07,49.0,BTS,85.0,2,2024-11-01,45.0,5
Christmas Love,2024-11-08,50.0,Jimin,69.0,4,2024-11-06,28.0,1
Ditto,2024-11-08,43.0,NewJeans,85.0,2,2024-11-03,49.0,4
Love Letter,2024-11-09,49.0,Lim Young Woong,57.0,2,2024-11-02,50.0,6
Christmas Love,2024-11-10,46.0,Jimin,69.0,5,2024-11-08,50.0,1
Love Lee,2024-11-12,50.0,AKMU,81.0,2,2024-11-10,48.0,1
Elevator,2024-11-18,49.0,Lim Young Woong,55.0,2,2024-11-16,50.0,1
Christmas Love,2024-11-18,48.0,Jimin,69.0,6,2024-11-11,33.0,6
Loving You,2024-11-19,47.0,Lim Young Woong,56.0,2,2024-11-17,47.0,1
Love Station,2024-11-20,50.0,Lim Young Woong,56.0,2,2024-11-17,50.0,2
Dreamers [Music from the FIFA World Cup Qatar 2022 Official Soundtrack],2024-11-20,28.0,Jung Kook & BTS,80.0,5,2024-10-30,30.0,20
Ditto,2024-11-21,47.0,NewJeans,84.0,3,2024-11-19,49.0,1
You & Me,2024-11-21,48.0,JENNIE,83.0,2,2024-11-19,50.0,1
Elevator,2024-11-22,50.0,Lim Young Woong,56.0,3,2024-11-20,49.0,1
Christmas Love,2024-11-22,49.0,Jimin,69.0,7,2024-11-18,48.0,3
Ditto,2024-11-23,50.0,NewJeans,84.0,4,2024-11-21,47.0,1
ETA,2024-11-23,48.0,NewJeans,85.0,2,2024-11-14,49.0,8
Love Station,2024-11-23,49.0,Lim Young Woong,56.0,3,2024-11-21,50.0,1
Christmas Love,2024-11-24,46.0,Jimin,69.0,8,2024-11-22,49.0,1
Left and Right (Feat. Jung Kook of BTS),2024-11-28,29.0,Charlie Puth,82.0,3,2024-10-30,19.0,28
Christmas Love,2024-11-28,48.0,Jimin,69.0,9,2024-11-24,46.0,3
Trust in me,2024-11-29,48.0,Lim Young Woong,58.0,2,2024-11-27,47.0,1
ETA,2024-11-30,49.0,NewJeans,85.0,3,2024-11-28,50.0,1
OMG,2024-12-02,42.0,NewJeans,86.0,2,2024-10-28,48.0,34
Christmas Love,2024-12-02,50.0,Jimin,69.0,10,2024-11-28,48.0,3
3D (Justin Timberlake Remix),2024-12-03,38.0,Jung Kook & Justin Timberlake,75.0,2,2024-11-27,28.0,5
Loving You,2024-12-04,46.0,Lim Young Woong,57.0,3,2024-11-22,48.0,11
Too Sad to Dance,2024-12-04,50.0,Jung Kook,86.0,2,2024-12-02,46.0,1
Closer to You (feat. Major Lazer),2024-12-05,44.0,Jung Kook,86.0,2,2024-12-03,47.0,1
Love Station,2024-12-05,50.0,Lim Young Woong,57.0,4,2024-11-23,49.0,11
Christmas Love,2024-12-05,47.0,Jimin,69.0,11,2024-12-03,46.0,1
Get A Guitar,2024-12-06,49.0,RIIZE,54.0,2,2024-11-16,45.0,19
Loving You,2024-12-06,50.0,Lim Young Woong,57.0,4,2024-12-04,46.0,1
Somebody,2024-12-06,48.0,Jung Kook,86.0,3,2024-12-04,47.0,1
Elevator,2024-12-08,50.0,Lim Young Woong,56.0,4,2024-11-22,50.0,15
Too Sad to Dance,2024-12-09,48.0,Jung Kook,86.0,3,2024-12-04,50.0,4
Christmas Love,2024-12-09,40.0,Jimin,70.0,12,2024-12-05,47.0,3
Baddie,2024-12-09,49.0,IVE,82.0,2,2024-12-01,50.0,7
Somebody,2024-12-10,50.0,Jung Kook,86.0,4,2024-12-08,47.0,1
Nest,2024-12-11,46.0,Lim Young Woong,59.0,2,2024-12-09,50.0,1
Hype Boy,2024-12-11,50.0,NewJeans,84.0,3,2024-10-22,50.0,49
Christmas Love,2024-12-12,42.0,Jimin,70.0,13,2024-12-10,41.0,1
Somebody,2024-12-12,48.0,Jung Kook,86.0,5,2024-12-10,50.0,1
Shot Glass of Tears,2024-12-12,47.0,Jung Kook,86.0,2,2024-12-10,47.0,1
Nest,2024-12-13,50.0,Lim Young Woong,59.0,3,2024-12-11,46.0,1
My Starry Love,2024-12-13,48.0,Lim Young Woong,58.0,2,2024-12-08,42.0,4
Talk Saxy,2024-12-14,49.0,RIIZE,70.0,3,2024-11-10,50.0,33
Too Sad to Dance,2024-12-14,47.0,Jung Kook,85.0,4,2024-12-12,50.0,1
Discord,2024-12-15,44.0,QWER,59.0,2,2024-12-12,49.0,2
You & Me,2024-12-15,50.0,JENNIE,81.0,3,2024-11-27,50.0,17
Shot Glass of Tears,2024-12-15,45.0,Jung Kook,85.0,3,2024-12-13,41.0,1
Too Sad to Dance,2024-12-16,47.0,Jung Kook,85.0,5,2024-12-14,47.0,1
Somebody,2024-12-16,46.0,Jung Kook,85.0,6,2024-12-14,43.0,1
Closer to You (feat. Major Lazer),2024-12-16,48.0,Jung Kook,86.0,3,2024-12-14,42.0,1
All I Want for Christmas Is You,2024-12-17,24.0,Mariah Carey,99.0,2,2024-12-11,44.0,5
Christmas Love,2024-12-17,33.0,Jimin,71.0,14,2024-12-12,42.0,4
Nest,2024-12-19,49.0,Lim Young Woong,58.0,4,2024-12-15,49.0,3
Shot Glass of Tears,2024-12-19,50.0,Jung Kook,85.0,4,2024-12-16,49.0,2
Closer to You (feat. Major Lazer),2024-12-20,49.0,Jung Kook,85.0,4,2024-12-16,48.0,3
Christmas Love,2024-12-20,30.0,Jimin,71.0,15,2024-12-18,33.0,1
Snowman,2024-12-21,34.0,Sia,94.0,2,2024-12-19,44.0,1
Somebody,2024-12-21,49.0,Jung Kook,84.0,7,2024-12-16,46.0,4
Get A Guitar,2024-12-23,47.0,RIIZE,66.0,3,2024-12-20,50.0,2
Too Sad to Dance,2024-12-23,45.0,Jung Kook,83.0,6,2024-12-16,47.0,6
My Love Mine All Mine,2024-12-23,48.0,Mitski,97.0,2,2024-12-20,48.0,2
Love Letter,2024-12-23,49.0,Lim Young Woong,58.0,3,2024-12-20,43.0,2
Last Christmas - Single Version,2024-12-23,42.0,Wham!,89.0,2,2024-12-19,47.0,3
Please Don't Change (feat. DJ Snake),2024-12-23,46.0,Jung Kook,85.0,2,2024-12-21,45.0,1
Hate You,2024-12-27,47.0,Jung Kook,84.0,2,2024-12-24,49.0,2
ETA,2024-12-27,50.0,NewJeans,83.0,4,2024-12-24,45.0,2
You & Me,2024-12-28,46.0,JENNIE,77.0,4,2024-12-15,50.0,12
"Angel Pt. 1 (feat. Jimin of BTS, JVKE & Muni Long) - Trailer Version",2024-12-28,41.0,Fast & Furious: The Fast Saga & Jimin & BTS,65.0,5,2024-12-26,41.0,1
Left and Right (Feat. Jung Kook of BTS),2024-12-28,42.0,Charlie Puth,79.0,4,2024-12-01,22.0,26
My Love Mine All Mine,2024-12-28,44.0,Mitski,95.0,3,2024-12-23,48.0,4
Get A Guitar,2024-12-28,38.0,RIIZE,64.0,4,2024-12-24,50.0,3
Cruel Summer,2024-12-28,48.0,Taylor Swift,95.0,6,2024-10-25,50.0,63
New Jeans,2024-12-28,47.0,NewJeans,79.0,3,2024-11-03,48.0,54
Love Letter,2024-12-28,43.0,Lim Young Woong,56.0,4,2024-12-24,47.0,3
Please Don't Change (feat. DJ Snake),2024-12-28,50.0,Jung Kook,82.0,3,2024-12-23,46.0,4
OMG,2024-12-28,40.0,NewJeans,83.0,3,2024-12-24,46.0,3
Closer to You (feat. Major Lazer),2024-12-29,43.0,Jung Kook,81.0,5,2024-12-21,47.0,7
Shot Glass of Tears,2024-12-29,50.0,Jung Kook,81.0,5,2024-12-19,50.0,9
Nest,2024-12-30,50.0,Lim Young Woong,55.0,5,2024-12-19,49.0,10
Hype Boy,2024-12-30,46.0,NewJeans,81.0,4,2024-12-11,50.0,18
Slow Dancing (Piano Ver.),2024-12-31,49.0,V,79.0,2,2024-11-07,48.0,53
For Us,2024-12-31,44.0,V,80.0,2,2024-11-09,48.0,51
Blue,2024-12-31,46.0,V,80.0,2,2024-11-07,46.0,53
New Jeans,2025-01-01,50.0,NewJeans,80.0,4,2024-12-30,48.0,1
Please Don't Change (feat. DJ Snake),2025-01-01,45.0,Jung Kook,83.0,4,2024-12-30,44.0,1
My Starry Love,2025-01-03,50.0,Lim Young Woong,55.0,3,2024-12-13,48.0,20
Nest,2025-01-03,49.0,Lim Young Woong,56.0,6,2024-12-30,50.0,3
Blue,2025-01-03,43.0,V,81.0,3,2024-12-31,46.0,2
You & Me,2025-01-04,47.0,JENNIE,79.0,5,2025-01-02,48.0,1
New Jeans,2025-01-04,50.0,NewJeans,81.0,5,2025-01-02,50.0,1
Hype Boy,2025-01-04,48.0,NewJeans,83.0,5,2024-12-30,46.0,4
Baddie,2025-01-05,50.0,IVE,80.0,3,2024-12-18,50.0,17
Closer to You (feat. Major Lazer),2025-01-05,46.0,Jung Kook,83.0,6,2024-12-29,43.0,6
New Jeans,2025-01-06,41.0,NewJeans,82.0,6,2025-01-04,50.0,1
You & Me,2025-01-06,47.0,JENNIE,79.0,6,2025-01-04,47.0,1
Love Letter,2025-01-07,46.0,Lim Young Woong,58.0,5,2025-01-05,44.0,1
Blue,2025-01-07,50.0,V,82.0,4,2025-01-05,48.0,1
My Love Mine All Mine,2025-01-09,47.0,Mitski,98.0,4,2025-01-06,49.0,2
New Jeans,2025-01-09,50.0,NewJeans,83.0,7,2025-01-06,41.0,2
Talk Saxy,2025-01-10,49.0,RIIZE,70.0,4,2024-12-15,48.0,25
Cupido,2025-01-10,32.0,Engel Montaz & Kuv507 & Latinnites Music,70.0,2,2025-01-08,47.0,1
Closer to You (feat. Major Lazer),2025-01-10,47.0,Jung Kook,84.0,7,2025-01-05,46.0,4
Blue,2025-01-11,48.0,V,82.0,5,2025-01-09,49.0,1
Nest,2025-01-11,50.0,Lim Young Woong,57.0,7,2025-01-03,49.0,7
My Starry Love,2025-01-11,49.0,Lim Young Woong,57.0,4,2025-01-03,50.0,7
Talk Saxy,2025-01-12,46.0,RIIZE,70.0,5,2025-01-10,49.0,1
You & Me,2025-01-12,48.0,JENNIE,80.0,7,2025-01-08,49.0,3
Closer to You (feat. Major Lazer),2025-01-12,50.0,Jung Kook,84.0,8,2025-01-10,47.0,1
New Jeans,2025-01-13,49.0,NewJeans,83.0,8,2025-01-09,50.0,3
Closer to You (feat. Major Lazer),2025-01-16,49.0,Jung Kook,83.0,9,2025-01-12,50.0,3
Lost and Found,2025-01-16,8.0,KingLee & Lil' Flip,64.0,2,2024-12-28,27.0,18
All Or Nothing,2025-01-17,26.0,J Money & KingLee,52.0,2,2024-12-22,30.0,25
Talk Saxy,2025-01-17,50.0,RIIZE,70.0,6,2025-01-13,44.0,3
Love Letter,2025-01-18,48.0,Lim Young Woong,58.0,6,2025-01-16,44.0,1
Lovin On Me,2025-01-18,49.0,Jack Harlow,99.0,2,2025-01-15,50.0,2
Left and Right (Feat. Jung Kook of BTS),2025-01-21,44.0,Charlie Puth,83.0,5,2025-01-19,48.0,1
Please Don't Change (feat. DJ Snake),2025-01-21,36.0,Jung Kook,84.0,5,2025-01-16,45.0,4
Love Letter,2025-01-22,50.0,Lim Young Woong,58.0,7,2025-01-20,50.0,1
Father,2025-01-22,42.0,Lim Young Woong,59.0,4,2025-01-20,42.0,1
Baddie,2025-01-22,49.0,IVE,81.0,4,2025-01-06,48.0,15
Please Don't Change (feat. DJ Snake),2025-01-23,49.0,Jung Kook,84.0,6,2025-01-21,36.0,1
With you,2025-01-23,28.0,Jimin & HA SUNG WOON,74.0,5,2024-07-06,50.0,200
Lovin On Me,2025-01-24,47.0,Jack Harlow,99.0,3,2025-01-22,46.0,1
GODS,2025-01-25,48.0,League of Legends & NewJeans,85.0,2,2025-01-22,45.0,2
Somebody,2025-01-25,50.0,Jung Kook,82.0,8,2024-12-21,49.0,34
Please Don't Change (feat. DJ Snake),2025-01-26,49.0,Jung Kook,84.0,7,2025-01-24,48.0,1
Love Letter,2025-01-27,48.0,Lim Young Woong,58.0,8,2025-01-22,50.0,4
Talk Saxy,2025-01-27,49.0,RIIZE,70.0,7,2025-01-21,50.0,5
Left and Right (Feat. Jung Kook of BTS),2025-01-28,50.0,Charlie Puth,83.0,6,2025-01-24,50.0,3
Somebody,2025-01-28,46.0,Jung Kook,82.0,9,2025-01-25,50.0,2
OMG,2025-01-28,49.0,NewJeans,87.0,4,2025-01-26,50.0,1
Hate You,2025-01-30,45.0,Jung Kook,83.0,3,2025-01-27,46.0,2
Interlude : Dive,2025-01-30,44.0,Jimin,77.0,11,2025-01-27,34.0,2
GODS,2025-01-31,49.0,League of Legends & NewJeans,85.0,3,2025-01-25,48.0,5
Love Letter,2025-02-01,49.0,Lim Young Woong,57.0,9,2025-01-30,49.0,1
OMG,2025-02-01,50.0,NewJeans,87.0,5,2025-01-29,49.0,2
Hate You,2025-02-02,44.0,Jung Kook,83.0,4,2025-01-30,45.0,2
Somebody,2025-02-02,48.0,Jung Kook,82.0,10,2025-01-31,48.0,1
Interlude : Dive,2025-02-02,47.0,Jimin,77.0,12,2025-01-31,36.0,1
MANIAC,2025-02-03,48.0,VIVIZ,81.0,2,2025-02-01,46.0,1
Beautiful Things,2025-02-03,50.0,Benson Boone,92.0,2,2025-02-01,48.0,1
Please Don't Change (feat. DJ Snake),2025-02-03,46.0,Jung Kook,84.0,8,2025-01-26,49.0,7
Interlude : Dive,2025-02-04,48.0,Jimin,77.0,13,2025-02-02,47.0,1
OMG,2025-02-04,50.0,NewJeans,87.0,6,2025-02-01,50.0,2
Please Don't Change (feat. DJ Snake),2025-02-05,50.0,Jung Kook,84.0,9,2025-02-03,46.0,1
Beautiful Things,2025-02-05,46.0,Benson Boone,93.0,3,2025-02-03,50.0,1
Love Letter,2025-02-07,50.0,Lim Young Woong,57.0,10,2025-02-01,49.0,5
Interlude : Dive,2025-02-08,49.0,Jimin,77.0,14,2025-02-06,39.0,1
Somebody,2025-02-08,47.0,Jung Kook,82.0,11,2025-02-02,48.0,5
MANIAC,2025-02-09,48.0,VIVIZ,81.0,3,2025-02-04,49.0,4
Hype Boy,2025-02-10,49.0,NewJeans,84.0,6,2025-01-15,46.0,25
Somebody,2025-02-10,48.0,Jung Kook,82.0,12,2025-02-08,47.0,1
Left and Right (Feat. Jung Kook of BTS),2025-02-10,46.0,Charlie Puth,83.0,7,2025-01-29,50.0,11
New Jeans,2025-02-10,45.0,NewJeans,83.0,9,2025-01-15,49.0,25
OMG,2025-02-10,43.0,NewJeans,87.0,7,2025-02-04,50.0,5
A Psalm of Life,2025-02-11,49.0,Lim Young Woong,58.0,5,2025-02-09,45.0,1
Lovely Touch,2025-02-11,50.0,Lim Young Woong,58.0,5,2025-02-09,44.0,1
HERO,2025-02-11,46.0,Lim Young Woong,58.0,4,2025-02-09,41.0,1
New Jeans,2025-02-12,43.0,NewJeans,83.0,10,2025-02-10,45.0,1
Love Always Run Away,2025-02-12,46.0,Lim Young Woong,59.0,14,2025-02-09,50.0,2
Please Don't Change (feat. DJ Snake),2025-02-13,45.0,Jung Kook,83.0,10,2025-02-07,48.0,5
Somebody,2025-02-13,49.0,Jung Kook,81.0,13,2025-02-10,48.0,2
Bling-Bang-Bang-Born,2025-02-14,50.0,Creepy Nuts,92.0,2,2025-02-12,38.0,1
MANIAC,2025-02-14,49.0,VIVIZ,82.0,4,2025-02-12,47.0,1
My Love Mine All Mine,2025-02-14,42.0,Mitski,99.0,5,2025-02-12,39.0,1
New Jeans,2025-02-14,48.0,NewJeans,83.0,11,2025-02-12,43.0,1
OMG,2025-02-14,47.0,NewJeans,87.0,8,2025-02-12,41.0,1
Interlude : Dive,2025-02-14,24.0,Jimin,76.0,15,2025-02-11,42.0,2
Super Lady,2025-02-15,48.0,(G)I-DLE,81.0,2,2025-02-12,45.0,2
"yes, and?",2025-02-15,45.0,Ariana Grande,97.0,2,2025-02-12,48.0,2
Ditto,2025-02-16,50.0,NewJeans,85.0,5,2025-02-12,42.0,3
Somebody,2025-02-17,45.0,Jung Kook,81.0,14,2025-02-14,41.0,2
I Love You,2025-02-18,47.0,Lim Young Woong,58.0,9,2025-02-15,50.0,2
HERO,2025-02-18,50.0,Lim Young Woong,58.0,5,2025-02-12,49.0,5
Love Always Run Away,2025-02-19,43.0,Lim Young Woong,59.0,15,2025-02-12,46.0,6
A Psalm of Life,2025-02-19,45.0,Lim Young Woong,58.0,6,2025-02-12,50.0,6
Lovely Touch,2025-02-19,44.0,Lim Young Woong,58.0,6,2025-02-11,50.0,7
Father,2025-02-19,46.0,Lim Young Woong,58.0,5,2025-02-09,46.0,9
ETA,2025-02-23,49.0,NewJeans,84.0,5,2025-02-21,48.0,1
I Love You,2025-02-23,50.0,Lim Young Woong,58.0,10,2025-02-20,42.0,2
Interlude : Dive,2025-02-24,39.0,Jimin,76.0,16,2025-02-21,44.0,2
Closer to You (feat. Major Lazer),2025-02-25,49.0,Jung Kook,82.0,10,2025-01-16,49.0,39
Somebody,2025-02-26,45.0,Jung Kook,81.0,15,2025-02-17,45.0,8
A Psalm of Life,2025-02-26,46.0,Lim Young Woong,58.0,7,2025-02-20,45.0,5
I Love You,2025-02-26,48.0,Lim Young Woong,58.0,11,2025-02-23,50.0,2
Father,2025-02-26,50.0,Lim Young Woong,58.0,6,2025-02-20,46.0,5
New Jeans,2025-02-28,48.0,NewJeans,83.0,12,2025-02-18,48.0,9
MANIAC,2025-02-28,50.0,VIVIZ,83.0,5,2025-02-17,49.0,10
Shot Glass of Tears,2025-03-01,49.0,Jung Kook,80.0,6,2024-12-29,50.0,61
Too Sad to Dance,2025-03-01,45.0,Jung Kook,80.0,7,2024-12-23,45.0,67
Rainy Days,2025-03-02,50.0,V,81.0,2,2025-02-20,33.0,9
wherever u r (ft. V of BTS),2025-03-02,45.0,UMI & V,86.0,2,2025-02-28,44.0,1
Please Don't Change (feat. DJ Snake),2025-03-02,48.0,Jung Kook,83.0,11,2025-02-28,40.0,1
Closer to You (feat. Major Lazer),2025-03-02,47.0,Jung Kook,81.0,11,2025-02-28,45.0,1
My Love Mine All Mine,2025-03-02,46.0,Mitski,98.0,6,2025-02-25,50.0,4
Standing Next to You,2025-03-03,8.0,Jung Kook,95.0,2,2025-03-01,8.0,1
I Like Me Better,2025-03-03,36.0,Lauv,84.0,2,2025-03-01,38.0,1
I Love You,2025-03-04,50.0,Lim Young Woong,57.0,12,2025-02-28,49.0,3
STUPID IN LOVE (feat. HUH YUNJIN of LE SSERAFIM),2025-03-06,49.0,MAX,72.0,2,2025-02-18,46.0,15
CARNIVAL,2025-03-06,50.0,¥$ & Kanye West & Ty Dolla $ign,96.0,2,2025-02-21,43.0,12
Interlude : Dive,2025-03-06,43.0,Jimin,75.0,17,2025-03-02,34.0,3
Closer to You (feat. Major Lazer),2025-03-07,48.0,Jung Kook,80.0,12,2025-03-05,37.0,1
Somebody,2025-03-07,41.0,Jung Kook,80.0,16,2025-03-05,42.0,1
New Jeans,2025-03-08,45.0,NewJeans,82.0,13,2025-03-06,47.0,1
Saturn,2025-03-08,49.0,SZA,90.0,2,2025-03-01,47.0,6
CARNIVAL,2025-03-08,48.0,¥$ & Kanye West & Ty Dolla $ign,96.0,3,2025-03-06,50.0,1
I Love You,2025-03-09,46.0,Lim Young Woong,57.0,13,2025-03-05,50.0,3
wherever u r (ft. V of BTS),2025-03-09,49.0,UMI & V,84.0,3,2025-03-07,49.0,1
Somebody,2025-03-10,50.0,Jung Kook,79.0,17,2025-03-08,42.0,1
"yes, and?",2025-03-10,30.0,Ariana Grande,73.0,3,2025-02-18,49.0,19
Rainy Days,2025-03-11,44.0,V,80.0,3,2025-03-09,50.0,1
Hate You,2025-03-11,47.0,Jung Kook,81.0,5,2025-03-09,43.0,1
Ditto,2025-03-11,49.0,NewJeans,83.0,6,2025-02-17,50.0,21
Bling-Bang-Bang-Born,2025-03-13,48.0,Creepy Nuts,91.0,3,2025-02-20,50.0,20
Closer to You (feat. Major Lazer),2025-03-16,50.0,Jung Kook,79.0,13,2025-03-07,48.0,8
New Jeans,2025-03-16,49.0,NewJeans,81.0,14,2025-03-10,47.0,5
wherever u r (ft. V of BTS),2025-03-16,41.0,UMI & V,82.0,4,2025-03-10,46.0,5
Too Sad to Dance,2025-03-17,40.0,Jung Kook,78.0,8,2025-03-01,45.0,15
Ditto,2025-03-18,50.0,NewJeans,82.0,7,2025-03-12,49.0,5
New Jeans,2025-03-18,47.0,NewJeans,81.0,15,2025-03-16,49.0,1
My Love Mine All Mine,2025-03-19,47.0,Mitski,96.0,7,2025-03-15,50.0,3
Too Sad to Dance,2025-03-19,41.0,Jung Kook,78.0,9,2025-03-17,40.0,1
New Jeans,2025-03-20,50.0,NewJeans,81.0,16,2025-03-18,47.0,1
Too Sad to Dance,2025-03-21,50.0,Jung Kook,78.0,10,2025-03-19,41.0,1
New Jeans,2025-03-22,49.0,NewJeans,80.0,17,2025-03-20,50.0,1
My Love Mine All Mine,2025-03-22,50.0,Mitski,96.0,8,2025-03-20,48.0,1
STUPID IN LOVE (feat. HUH YUNJIN of LE SSERAFIM),2025-03-23,48.0,MAX,74.0,3,2025-03-07,45.0,15
Rainy Days,2025-03-24,44.0,V,79.0,4,2025-03-16,39.0,7
My Love Mine All Mine,2025-03-27,41.0,Mitski,95.0,9,2025-03-22,50.0,4
Like That,2025-03-29,46.0,Future & Metro Boomin,90.0,2,2025-03-27,48.0,1
Hype Boy,2025-03-30,50.0,NewJeans,80.0,7,2025-03-26,47.0,3
My Love Mine All Mine,2025-03-30,49.0,Mitski,95.0,10,2025-03-28,46.0,1
Hype Boy,2025-04-01,46.0,NewJeans,80.0,8,2025-03-30,50.0,1
Ditto,2025-04-01,47.0,NewJeans,80.0,8,2025-03-26,49.0,5
OMG,2025-04-01,48.0,NewJeans,82.0,9,2025-02-18,45.0,41
Welcome to the Show,2025-04-02,48.0,DAY6,65.0,2,2025-03-31,47.0,1
Hype Boy,2025-04-04,48.0,NewJeans,80.0,9,2025-04-02,49.0,1
A bientot,2025-04-05,46.0,Lim Young Woong,56.0,18,2025-04-03,47.0,1
Filter,2025-04-06,31.0,BTS,72.0,4,2024-06-22,50.0,287
Get A Guitar,2025-04-06,49.0,RIIZE,67.0,5,2025-03-29,48.0,7
Drama,2025-04-07,48.0,aespa,83.0,2,2025-04-05,48.0,1
ETA,2025-04-07,50.0,NewJeans,80.0,6,2025-04-05,50.0,1
If I have you only (My love X Nerd Connection),2025-04-09,47.0,Nerd Connection,53.0,2,2025-04-02,50.0,6
No Tomorrow - Spotify Singles,2025-04-10,46.0,Various Artists,45.0,2,2025-04-08,50.0,1
Hype Boy,2025-04-11,46.0,NewJeans,80.0,10,2025-04-04,48.0,6
Get A Guitar,2025-04-12,49.0,RIIZE,67.0,6,2025-04-10,48.0,1
If I have you only (My love X Nerd Connection),2025-04-12,43.0,Nerd Connection,54.0,3,2025-04-09,47.0,2
Time of Our Life -Japanese ver.- - Japanese ver.,2025-04-14,42.0,DAY6,55.0,2,2025-04-04,49.0,9
Welcome to the Show,2025-04-16,46.0,DAY6,67.0,3,2025-04-04,46.0,11
ETA,2025-04-18,50.0,NewJeans,81.0,7,2025-04-16,49.0,1
If I have you only (My love X Nerd Connection),2025-04-18,49.0,Nerd Connection,54.0,4,2025-04-16,45.0,1
Welcome to the Show,2025-04-18,48.0,DAY6,67.0,4,2025-04-16,46.0,1
You Were Beautiful,2025-04-19,49.0,DAY6,67.0,2,2025-04-17,46.0,1
A bientot,2025-04-19,43.0,Lim Young Woong,56.0,19,2025-04-17,40.0,1
Drama,2025-04-20,50.0,aespa,83.0,3,2025-04-17,49.0,2
Love wins all,2025-04-21,48.0,IU,78.0,2,2025-04-19,47.0,1
Time of Our Life -Japanese ver.- - Japanese ver.,2025-04-23,49.0,DAY6,55.0,3,2025-04-20,47.0,2
Love 119,2025-04-23,50.0,RIIZE,69.0,2,2025-04-20,44.0,2
I’ll See You There Tomorrow,2025-04-23,45.0,TOMORROW X TOGETHER,78.0,2,2025-04-20,42.0,2
Love You With All My Heart,2025-04-23,48.0,Crush,73.0,2,2025-04-17,48.0,5
Lucky Girl Syndrome,2025-04-23,44.0,ILLIT,76.0,2,2025-04-06,45.0,16
"Our Blues, Our Life",2025-04-24,47.0,Lim Young Woong,57.0,11,2025-04-22,47.0,1
A bientot,2025-04-24,49.0,Lim Young Woong,56.0,20,2025-04-22,49.0,1
Get A Guitar,2025-04-24,50.0,RIIZE,67.0,7,2025-04-15,50.0,8
Time of Our Life -Japanese ver.- - Japanese ver.,2025-04-25,48.0,DAY6,55.0,4,2025-04-23,49.0,1
Cruel Summer,2025-04-26,46.0,Taylor Swift,96.0,7,2025-04-24,48.0,1
New Jeans,2025-04-27,40.0,NewJeans,80.0,18,2025-04-20,48.0,6
ETA,2025-04-27,41.0,NewJeans,81.0,8,2025-04-18,50.0,8
Hype Boy,2025-04-27,45.0,NewJeans,80.0,11,2025-04-16,48.0,10
Ditto,2025-04-27,46.0,NewJeans,81.0,9,2025-04-01,47.0,25
Attention,2025-04-28,38.0,NewJeans,78.0,6,2024-09-29,48.0,210
OMG,2025-04-28,41.0,NewJeans,82.0,10,2025-04-01,48.0,26
"Our Blues, Our Life",2025-04-29,50.0,Lim Young Woong,57.0,12,2025-04-27,49.0,1
Little Light,2025-05-01,43.0,DOYOUNG,69.0,2,2025-04-28,40.0,2
"Our Blues, Our Life",2025-05-02,50.0,Lim Young Woong,57.0,13,2025-04-30,48.0,1
Slow Dancing,2025-05-02,48.0,V,83.0,3,2025-04-30,49.0,1
Drama,2025-05-03,47.0,aespa,82.0,4,2025-04-20,50.0,12
Slow Dancing,2025-05-04,48.0,V,82.0,4,2025-05-02,48.0,1
Bam Yang Gang,2025-05-05,47.0,BIBI,76.0,2,2025-04-30,45.0,4
To. X,2025-05-05,50.0,TAEYEON,75.0,2,2025-04-30,42.0,4
Yes or No,2025-05-06,47.0,Jung Kook,82.0,2,2025-05-01,46.0,4
euphoria,2025-05-06,50.0,Kendrick Lamar,89.0,2,2025-05-04,42.0,1
"Our Blues, Our Life",2025-05-07,42.0,Lim Young Woong,56.0,14,2025-05-04,49.0,2
A bientot,2025-05-07,43.0,Lim Young Woong,55.0,21,2025-04-26,48.0,10
Slow Dancing,2025-05-07,44.0,V,82.0,5,2025-05-05,48.0,1
we can't be friends (wait for your love),2025-05-08,50.0,Ariana Grande,94.0,2,2025-05-06,46.0,1
"Our Blues, Our Life",2025-05-10,46.0,Lim Young Woong,56.0,15,2025-05-08,49.0,1
Drama,2025-05-11,46.0,aespa,83.0,5,2025-05-09,47.0,1
Perfect Night,2025-05-13,50.0,LE SSERAFIM,85.0,2,2025-05-10,47.0,2
Attention,2025-05-14,50.0,NewJeans,78.0,7,2025-05-11,50.0,2
MAESTRO,2025-05-15,49.0,SEVENTEEN,81.0,2,2025-05-11,41.0,3
Sudden Shower,2025-05-15,50.0,ECLIPSE,74.0,2,2025-05-10,48.0,4
"Our Blues, Our Life",2025-05-16,46.0,Lim Young Woong,56.0,16,2025-05-14,47.0,1
Ditto,2025-05-17,49.0,NewJeans,80.0,10,2025-05-15,48.0,1
Mars,2025-05-18,47.0,D.O.,70.0,2,2025-05-12,48.0,5
Spring Snow,2025-05-19,44.0,10CM,69.0,2,2025-05-17,50.0,1
Attention,2025-05-19,48.0,NewJeans,78.0,8,2025-05-14,50.0,4
OMG,2025-05-20,50.0,NewJeans,81.0,11,2025-05-18,49.0,1
Ditto,2025-05-20,49.0,NewJeans,80.0,11,2025-05-18,48.0,1
Perfect Night,2025-05-20,46.0,LE SSERAFIM,84.0,3,2025-05-14,49.0,5
"Our Blues, Our Life",2025-05-20,48.0,Lim Young Woong,57.0,17,2025-05-18,50.0,1
Sudden Shower,2025-05-21,48.0,ECLIPSE,77.0,3,2025-05-18,43.0,2
Spring Snow,2025-05-22,46.0,10CM,72.0,3,2025-05-19,44.0,2
Perfect Night,2025-05-23,49.0,LE SSERAFIM,84.0,4,2025-05-20,46.0,2
CHIHIRO,2025-05-23,46.0,Billie Eilish,90.0,2,2025-05-19,47.0,3
I Had Some Help (Feat. Morgan Wallen),2025-05-23,50.0,Post Malone & Morgan Wallen,95.0,2,2025-05-19,45.0,3
Jealousyvalhalla,2025-05-26,16.0,YANGHONGWON,48.0,2,2025-05-22,44.0,3
Come back to me,2025-05-26,42.0,RM,63.0,2,2025-05-16,47.0,9
ETA,2025-05-27,48.0,NewJeans,79.0,9,2025-05-25,44.0,1
Lucky Girl Syndrome,2025-05-27,45.0,ILLIT,78.0,3,2025-05-25,37.0,1
Smart,2025-05-27,39.0,LE SSERAFIM,80.0,2,2025-05-25,36.0,1
Hype Boy,2025-05-27,49.0,NewJeans,80.0,12,2025-05-25,43.0,1
Fate,2025-05-27,44.0,(G)I-DLE,74.0,2,2025-05-25,40.0,1
Sudden Shower,2025-05-28,38.0,ECLIPSE,78.0,4,2025-05-25,41.0,2
BIRDS OF A FEATHER,2025-05-28,41.0,Billie Eilish,93.0,2,2025-05-26,37.0,1
Fortnight (feat. Post Malone),2025-05-28,50.0,Taylor Swift,95.0,2,2025-05-26,46.0,1
If We Ever Meet Again,2025-05-29,47.0,Lim Young Woong,58.0,3,2025-05-26,47.0,2
Spring Snow,2025-05-29,50.0,10CM,76.0,4,2025-05-25,38.0,3
Not Like Us,2025-05-30,48.0,Kendrick Lamar,98.0,2,2025-05-25,29.0,4
Ditto,2025-05-31,42.0,NewJeans,80.0,12,2025-05-20,49.0,10
Face-off,2025-05-31,49.0,Jimin,73.0,2,2025-05-29,45.0,1
Alone,2025-05-31,45.0,Jimin,72.0,2,2025-05-29,40.0,1
Perfect Night,2025-06-01,48.0,LE SSERAFIM,84.0,5,2025-05-25,50.0,6
OMG,2025-06-01,45.0,NewJeans,81.0,12,2025-05-22,50.0,9
Fate,2025-06-01,49.0,(G)I-DLE,74.0,3,2025-05-27,44.0,4
Attention,2025-06-01,50.0,NewJeans,77.0,9,2025-05-19,48.0,12
Fortnight (feat. Post Malone),2025-06-02,50.0,Taylor Swift,95.0,3,2025-05-29,49.0,3
plot twist,2025-06-02,46.0,TWS,74.0,2,2025-05-25,48.0,7
Face-off,2025-06-02,49.0,Jimin,73.0,3,2025-05-31,49.0,1
Lucky Girl Syndrome,2025-06-02,43.0,ILLIT,77.0,4,2025-05-30,45.0,2
Alone,2025-06-02,44.0,Jimin,72.0,3,2025-05-31,45.0,1
Time of Our Life -Japanese ver.- - Japanese ver.,2025-06-03,49.0,DAY6,54.0,5,2025-04-26,47.0,37
Perfect Night,2025-06-03,46.0,LE SSERAFIM,83.0,6,2025-06-01,48.0,1
Rainbow,2025-06-04,49.0,Lim Young Woong,55.0,7,2025-05-22,49.0,12
Face-off,2025-06-05,43.0,Jimin,72.0,4,2025-06-02,49.0,2
Interlude : Dive,2025-06-05,41.0,Jimin,82.0,18,2025-05-29,43.0,6
Rainbow,2025-06-07,50.0,Lim Young Woong,55.0,8,2025-06-04,49.0,2
Closer to You (feat. Major Lazer),2025-06-08,48.0,Jung Kook,75.0,14,2025-03-17,50.0,82
Face-off,2025-06-09,41.0,Jimin,68.0,5,2025-06-07,43.0,1
"Our Blues, Our Life",2025-06-10,49.0,Lim Young Woong,51.0,18,2025-05-21,49.0,19
Lucky Girl Syndrome,2025-06-12,48.0,ILLIT,72.0,5,2025-06-09,49.0,2
Cruel Summer,2025-06-12,50.0,Taylor Swift,88.0,8,2025-04-27,48.0,45
Interlude : Dive,2025-06-12,46.0,Jimin,75.0,19,2025-06-08,50.0,3
Attention,2025-06-14,48.0,NewJeans,72.0,10,2025-06-08,44.0,5
Perfect Night,2025-06-14,50.0,LE SSERAFIM,78.0,7,2025-06-11,50.0,2
Rainbow,2025-06-16,49.0,Lim Young Woong,50.0,9,2025-06-11,48.0,4
Cruel Summer,2025-06-17,47.0,Taylor Swift,88.0,9,2025-06-15,49.0,1
plot twist,2025-06-17,49.0,TWS,68.0,3,2025-06-15,46.0,1
Rainbow,2025-06-18,50.0,Lim Young Woong,51.0,10,2025-06-16,49.0,1
Impossible,2025-06-18,49.0,RIIZE,63.0,2,2025-05-25,46.0,23
Midas Touch,2025-06-19,49.0,KISS OF LIFE,75.0,2,2025-06-17,45.0,1
"Our Blues, Our Life",2025-06-21,50.0,Lim Young Woong,51.0,19,2025-06-11,49.0,9
Rainbow,2025-06-21,48.0,Lim Young Woong,51.0,11,2025-06-18,50.0,2
Not Like Us,2025-06-22,47.0,Kendrick Lamar,93.0,3,2025-06-01,44.0,20
A bientot,2025-06-24,45.0,Lim Young Woong,51.0,22,2025-05-07,43.0,47
Girls Never Die,2025-06-24,50.0,tripleS,69.0,2,2025-06-21,42.0,2
"Our Blues, Our Life",2025-06-24,39.0,Lim Young Woong,52.0,20,2025-06-21,50.0,2
Rainbow,2025-06-24,42.0,Lim Young Woong,52.0,12,2025-06-21,48.0,2
Face-off,2025-06-26,47.0,Jimin,69.0,6,2025-06-23,40.0,2
Interlude : Dive,2025-06-28,47.0,Jimin,77.0,20,2025-06-23,50.0,4
Attention,2025-06-28,50.0,NewJeans,75.0,11,2025-06-17,50.0,10
FRI(END)S,2025-06-28,48.0,V,88.0,2,2025-06-25,48.0,2
Midas Touch,2025-06-29,50.0,KISS OF LIFE,77.0,3,2025-06-21,49.0,7
EASY,2025-06-29,48.0,LE SSERAFIM,80.0,2,2025-06-23,48.0,5
Rainbow,2025-06-30,46.0,Lim Young Woong,54.0,13,2025-06-28,49.0,1
FRI(END)S,2025-06-30,49.0,V,88.0,3,2025-06-28,48.0,1
"Our Blues, Our Life",2025-06-30,50.0,Lim Young Woong,54.0,21,2025-06-27,50.0,2
Face-off,2025-07-01,49.0,Jimin,71.0,7,2025-06-29,36.0,1
Alone,2025-07-01,50.0,Jimin,71.0,4,2025-06-29,26.0,1
"Our Blues, Our Life",2025-07-04,49.0,Lim Young Woong,55.0,22,2025-07-01,48.0,2
SHEESH,2025-07-04,50.0,BABYMONSTER,85.0,2,2025-06-30,47.0,3
"Our Blues, Our Life",2025-07-06,48.0,Lim Young Woong,56.0,23,2025-07-04,49.0,1
Face-off,2025-07-06,50.0,Jimin,72.0,8,2025-07-03,49.0,2
Not Like Us,2025-07-07,40.0,Kendrick Lamar,96.0,4,2025-06-29,44.0,7
ETA,2025-07-08,48.0,NewJeans,78.0,10,2025-07-05,47.0,2
"Our Blues, Our Life",2025-07-09,48.0,Lim Young Woong,55.0,24,2025-07-07,48.0,1
ETA,2025-07-14,48.0,NewJeans,78.0,11,2025-07-08,48.0,5
"Our Blues, Our Life",2025-07-15,46.0,Lim Young Woong,56.0,25,2025-07-07,48.0,7
Rainbow,2025-07-15,45.0,Lim Young Woong,56.0,14,2025-07-13,47.0,1
FRI(END)S,2025-07-17,48.0,V,90.0,4,2025-07-14,50.0,2
A bientot,2025-07-18,48.0,Lim Young Woong,55.0,23,2025-06-25,45.0,22
Alone,2025-07-19,43.0,Jimin,71.0,5,2025-07-01,50.0,17
Face-off,2025-07-19,37.0,Jimin,72.0,9,2025-07-06,50.0,12
Ditto,2025-07-20,49.0,NewJeans,79.0,13,2025-07-17,50.0,2
FRI(END)S,2025-07-22,49.0,V,90.0,5,2025-07-20,45.0,1
"Our Blues, Our Life",2025-07-22,46.0,Lim Young Woong,56.0,26,2025-07-20,43.0,1
Please Please Please,2025-07-23,50.0,Sabrina Carpenter,98.0,2,2025-07-21,45.0,1
OMG,2025-07-24,42.0,NewJeans,80.0,13,2025-07-21,50.0,2
Ditto,2025-07-24,45.0,NewJeans,79.0,14,2025-07-20,49.0,3
ETA,2025-07-24,50.0,NewJeans,78.0,12,2025-07-16,49.0,7
Ditto,2025-07-26,50.0,NewJeans,78.0,15,2025-07-24,45.0,1
Klaxon,2025-07-27,47.0,(G)I-DLE,74.0,2,2025-07-24,47.0,2
Rainbow,2025-07-29,47.0,Lim Young Woong,56.0,15,2025-07-24,44.0,4
Cruel Summer,2025-07-31,50.0,Taylor Swift,92.0,10,2025-06-21,45.0,39
Not Like Us,2025-07-31,47.0,Kendrick Lamar,97.0,5,2025-07-28,46.0,2
Please Please Please,2025-08-01,50.0,Sabrina Carpenter,98.0,3,2025-07-24,49.0,7
Ditto,2025-08-03,47.0,NewJeans,79.0,16,2025-07-30,50.0,3
EASY,2025-08-03,50.0,LE SSERAFIM,80.0,3,2025-06-29,48.0,34
Rainbow,2025-08-04,48.0,Lim Young Woong,56.0,16,2025-07-30,47.0,4
Who (Beautiful Mind Remix),2025-08-05,50.0,Jimin,61.0,2,2025-08-03,35.0,1
"Our Blues, Our Life",2025-08-05,49.0,Lim Young Woong,56.0,27,2025-07-24,48.0,11
Cruel Summer,2025-08-07,48.0,Taylor Swift,92.0,11,2025-08-04,47.0,2
Chk Chk Boom,2025-08-07,44.0,Stray Kids,68.0,2,2025-08-03,46.0,3
EASY,2025-08-08,49.0,LE SSERAFIM,79.0,4,2025-08-03,50.0,4
"Our Blues, Our Life",2025-08-09,46.0,Lim Young Woong,55.0,28,2025-08-07,49.0,1
EASY,2025-08-10,38.0,LE SSERAFIM,80.0,5,2025-08-08,49.0,1
Perfect Night,2025-08-10,42.0,LE SSERAFIM,81.0,8,2025-06-20,50.0,50
Ditto,2025-08-10,45.0,NewJeans,78.0,17,2025-08-03,47.0,6
New Jeans,2025-08-11,50.0,NewJeans,78.0,19,2025-08-03,45.0,7
"Our Blues, Our Life",2025-08-12,49.0,Lim Young Woong,56.0,29,2025-08-09,46.0,2
Rainbow,2025-08-12,47.0,Lim Young Woong,56.0,17,2025-08-09,43.0,2
Please Please Please,2025-08-15,47.0,Sabrina Carpenter,98.0,4,2025-08-02,50.0,12
Klaxon,2025-08-15,45.0,(G)I-DLE,75.0,3,2025-07-24,47.0,21
Who (Beautiful Mind Remix),2025-08-17,49.0,Jimin,62.0,3,2025-08-03,35.0,13
Who (Funky Remix),2025-08-17,44.0,Jimin,62.0,2,2025-08-14,49.0,2
OMG,2025-08-17,50.0,NewJeans,80.0,14,2025-07-31,48.0,16
New Jeans,2025-08-18,50.0,NewJeans,78.0,20,2025-08-16,49.0,1
Left and Right (Feat. Jung Kook of BTS),2025-08-18,47.0,Charlie Puth,78.0,8,2025-02-10,46.0,188
Who (Funky Remix),2025-08-20,39.0,Jimin,62.0,3,2025-08-17,44.0,2
Who (Beautiful Mind Remix),2025-08-20,49.0,Jimin,62.0,4,2025-08-17,49.0,2
Who (Instrumental),2025-08-23,46.0,Jimin,61.0,2,2025-08-21,45.0,1
Who (Beautiful Mind Remix),2025-08-23,49.0,Jimin,62.0,5,2025-08-21,49.0,1
Left and Right (Feat. Jung Kook of BTS),2025-08-23,43.0,Charlie Puth,78.0,9,2025-08-21,48.0,1
EASY,2025-08-24,47.0,LE SSERAFIM,79.0,6,2025-08-21,50.0,2
FIELD TRIP,2025-08-24,31.0,¥$ & Kanye West & Ty Dolla $ign,78.0,2,2025-08-10,39.0,13
Super Shy,2025-08-24,49.0,NewJeans,81.0,2,2025-08-22,47.0,1
Please Please Please,2025-08-24,33.0,Sabrina Carpenter,97.0,5,2025-08-16,47.0,7
T.B.H,2025-08-25,44.0,QWER,60.0,2,2025-08-21,47.0,3
Perfect Night,2025-08-25,50.0,LE SSERAFIM,81.0,9,2025-08-19,40.0,5
Cruel Summer,2025-08-25,47.0,Taylor Swift,92.0,12,2025-08-23,47.0,1
EASY,2025-08-26,49.0,LE SSERAFIM,79.0,7,2025-08-24,47.0,1
Who (Acoustic Remix),2025-08-28,45.0,Jimin,63.0,2,2025-08-24,43.0,3
Who (Rock Remix),2025-08-28,42.0,Jimin,63.0,2,2025-08-24,35.0,3
Perfect Night,2025-08-28,48.0,LE SSERAFIM,81.0,10,2025-08-25,50.0,2
HAPPY,2025-08-29,42.0,DAY6,57.0,2,2025-03-21,39.0,160
Big Dawgs,2025-08-29,48.0,Hanumankind & Kalmi,92.0,2,2025-08-27,48.0,1
EASY,2025-08-29,45.0,LE SSERAFIM,79.0,8,2025-08-27,49.0,1
Hype Boy,2025-08-31,47.0,NewJeans,79.0,13,2025-08-27,44.0,3
Cruel Summer,2025-08-31,43.0,Taylor Swift,92.0,13,2025-08-27,47.0,3
Perfect Night,2025-09-01,45.0,LE SSERAFIM,81.0,11,2025-08-28,48.0,3
If I have you only (My love X Nerd Connection),2025-09-02,46.0,Nerd Connection,53.0,5,2025-04-26,44.0,128
Why?,2025-09-02,49.0,PLAVE,55.0,2,2025-08-28,34.0,4
Don't Look Back in Anger - Remastered,2025-09-02,45.0,Oasis,74.0,2,2025-08-31,31.0,1
Small girl (feat. D.O.),2025-09-02,43.0,Lee Young Ji,75.0,2,2025-08-31,44.0,1
Don't Look Back In Anger - Remastered,2025-09-03,45.0,Oasis,78.0,2,2025-09-01,49.0,1
Don't Look Back in Anger - Remastered,2025-09-04,47.0,Oasis,75.0,3,2025-09-02,45.0,1
Like Crazy,2025-09-05,33.0,Jimin,80.0,2,2025-09-03,38.0,1
Touch,2025-09-05,47.0,KATSEYE,82.0,2,2025-09-03,50.0,1
Time of Our Life -Japanese ver.- - Japanese ver.,2025-09-05,50.0,DAY6,55.0,6,2025-08-14,47.0,21
MILLION DOLLAR BABY,2025-09-07,50.0,Tommy Richman,93.0,2,2025-09-04,49.0,2
Welcome to the Show,2025-09-07,44.0,DAY6,59.0,5,2025-04-19,48.0,140
Hype Boy,2025-09-07,46.0,NewJeans,79.0,14,2025-08-31,47.0,6
If I have you only (My love X Nerd Connection),2025-09-07,48.0,Nerd Connection,53.0,6,2025-09-03,46.0,3
Small girl (feat. D.O.),2025-09-09,44.0,Lee Young Ji,74.0,3,2025-09-03,43.0,5
If I have you only (My love X Nerd Connection),2025-09-09,43.0,Nerd Connection,53.0,7,2025-09-07,48.0,1
Ditto,2025-09-13,48.0,NewJeans,78.0,18,2025-08-16,48.0,27
Who (Rock Remix),2025-09-13,49.0,Jimin,64.0,3,2025-08-30,47.0,13
Small girl (feat. D.O.),2025-09-13,50.0,Lee Young Ji,74.0,4,2025-09-11,47.0,1
Hype Boy,2025-09-14,50.0,NewJeans,79.0,15,2025-09-12,46.0,1
If I have you only (My love X Nerd Connection),2025-09-15,50.0,Nerd Connection,53.0,8,2025-09-10,43.0,4
Ditto,2025-09-16,49.0,NewJeans,78.0,19,2025-09-14,49.0,1
You Were Beautiful,2025-09-16,47.0,DAY6,65.0,3,2025-04-20,49.0,148
Hype Boy,2025-09-16,44.0,NewJeans,79.0,16,2025-09-14,50.0,1
Pump Up The Volume!,2025-09-17,47.0,PLAVE,67.0,2,2025-09-15,45.0,1
Cruel Summer,2025-09-18,49.0,Taylor Swift,92.0,14,2025-08-31,43.0,17
T.B.H,2025-09-19,50.0,QWER,60.0,3,2025-08-28,49.0,21
Super Shy,2025-09-19,49.0,NewJeans,81.0,3,2025-08-25,49.0,24
Taste,2025-09-20,47.0,Sabrina Carpenter,96.0,2,2025-09-16,48.0,3
Boom Boom Bass,2025-09-20,48.0,RIIZE,67.0,2,2025-09-18,48.0,1
Who (Rock Remix),2025-09-21,49.0,Jimin,65.0,4,2025-09-13,49.0,7
Who (Acoustic Remix),2025-09-21,50.0,Jimin,64.0,3,2025-08-28,45.0,23
Who (Beautiful Mind Remix),2025-09-22,32.0,Jimin,63.0,6,2025-08-23,49.0,29
Who (Funky Remix),2025-09-22,34.0,Jimin,64.0,4,2025-08-24,42.0,28
Who (Shibuyakei Remix),2025-09-22,31.0,Jimin,64.0,2,2025-08-23,45.0,29
Who (Instrumental),2025-09-22,30.0,Jimin,63.0,3,2025-08-24,45.0,28
Boom Boom Bass,2025-09-23,45.0,RIIZE,67.0,3,2025-09-21,44.0,1
Bubble Gum,2025-09-23,49.0,NewJeans,76.0,2,2025-09-21,42.0,1
Hype Boy,2025-09-23,50.0,NewJeans,79.0,17,2025-09-20,50.0,2
double take,2025-09-25,39.0,Dhruv,83.0,2,2025-09-22,49.0,2
Taste,2025-09-25,47.0,Sabrina Carpenter,96.0,3,2025-09-21,43.0,3
Ditto,2025-09-25,45.0,NewJeans,78.0,20,2025-09-20,49.0,4
踊り子,2025-09-25,44.0,Vaundy,71.0,2,2025-09-22,50.0,2
Who (Instrumental),2025-09-26,50.0,Jimin,63.0,4,2025-09-24,41.0,1
Who (Beautiful Mind Remix),2025-09-27,45.0,Jimin,64.0,7,2025-09-24,45.0,2
Who (Shibuyakei Remix),2025-09-27,47.0,Jimin,64.0,3,2025-09-24,44.0,2
Who (Funky Remix),2025-09-27,49.0,Jimin,64.0,5,2025-09-24,46.0,2
Bubble Gum,2025-09-28,49.0,NewJeans,76.0,3,2025-09-26,49.0,1
Taste,2025-09-28,50.0,Sabrina Carpenter,96.0,4,2025-09-25,47.0,2
Hype Boy,2025-09-29,49.0,NewJeans,78.0,18,2025-09-24,49.0,4
Pleasure Shop,2025-09-29,48.0,KEY,57.0,2,2025-09-27,50.0,1
If I have you only (My love X Nerd Connection),2025-09-29,42.0,Nerd Connection,53.0,9,2025-09-26,46.0,2
T.B.H,2025-09-29,44.0,QWER,59.0,4,2025-09-19,50.0,9
Who (Instrumental),2025-09-30,48.0,Jimin,63.0,5,2025-09-28,42.0,1
Who (Acoustic Remix),2025-09-30,44.0,Jimin,65.0,4,2025-09-28,39.0,1
Who (Beautiful Mind Remix),2025-09-30,49.0,Jimin,64.0,8,2025-09-28,46.0,1
Who (Shibuyakei Remix),2025-09-30,46.0,Jimin,64.0,4,2025-09-28,43.0,1
double take,2025-09-30,47.0,Dhruv,82.0,3,2025-09-26,44.0,3
Who (Funky Remix),2025-10-01,41.0,Jimin,64.0,6,2025-09-28,44.0,2
If We Ever Meet Again,2025-10-01,48.0,Lim Young Woong,56.0,4,2025-09-29,43.0,1
Bubble Gum,2025-10-02,50.0,NewJeans,75.0,4,2025-09-30,45.0,1
Steady,2025-10-02,48.0,NCT WISH,59.0,2,2025-09-29,37.0,2
double take,2025-10-03,48.0,Dhruv,82.0,4,2025-10-01,49.0,1
Nice Guy,2025-10-04,49.0,BOYNEXTDOOR,70.0,2,2025-09-29,46.0,4
Ditto,2025-10-05,50.0,NewJeans,78.0,21,2025-09-25,45.0,9
Melt Down,2025-10-06,40.0,DAY6,65.0,2,2025-10-04,37.0,1
Bubble Gum,2025-10-06,48.0,NewJeans,75.0,5,2025-10-03,50.0,2
Time of Our Life -Japanese ver.- - Japanese ver.,2025-10-06,37.0,DAY6,56.0,7,2025-10-04,41.0,1
You Were Beautiful,2025-10-06,44.0,DAY6,65.0,4,2025-10-04,46.0,1
If We Ever Meet Again,2025-10-07,50.0,Lim Young Woong,55.0,5,2025-10-05,48.0,1
녹아내려요 Melt Down,2025-10-07,40.0,DAY6,55.0,2,2025-10-05,30.0,1
예뻤어,2025-10-07,44.0,DAY6,49.0,2,2025-10-05,43.0,1
한 페이지가 될 수 있게,2025-10-07,35.0,DAY6,52.0,2,2025-10-05,36.0,1
Time of Our Life -Japanese ver.- - Japanese ver.,2025-10-08,40.0,DAY6,56.0,8,2025-10-06,37.0,1
Melt Down,2025-10-08,41.0,DAY6,65.0,3,2025-10-06,40.0,1
You Were Beautiful,2025-10-08,49.0,DAY6,65.0,5,2025-10-06,44.0,1
ETA,2025-10-09,49.0,NewJeans,78.0,13,2025-07-24,50.0,76
T.B.H,2025-10-10,50.0,QWER,59.0,5,2025-10-07,49.0,2
Ditto,2025-10-12,45.0,NewJeans,77.0,22,2025-10-08,50.0,3
Drama,2025-10-12,47.0,aespa,79.0,6,2025-07-16,48.0,87
Hype Boy,2025-10-13,50.0,NewJeans,77.0,19,2025-09-30,50.0,12
OMG,2025-10-13,41.0,NewJeans,78.0,15,2025-08-19,44.0,54
Bubble Gum,2025-10-14,50.0,NewJeans,74.0,6,2025-10-06,48.0,7
You Were Beautiful,2025-10-14,38.0,DAY6,64.0,6,2025-10-08,49.0,5
T.B.H,2025-10-15,47.0,QWER,59.0,6,2025-10-11,49.0,3
London Boy,2025-10-15,45.0,Lim Young Woong,58.0,2,2025-10-13,45.0,1
Who (Funky Remix),2025-10-16,48.0,Jimin,64.0,7,2025-10-14,47.0,1
T.B.H,2025-10-17,48.0,QWER,59.0,7,2025-10-15,47.0,1
Ditto,2025-10-18,39.0,NewJeans,77.0,23,2025-10-16,50.0,1
ETA,2025-10-18,50.0,NewJeans,79.0,14,2025-10-15,50.0,2
Who (Shibuyakei Remix),2025-10-19,39.0,Jimin,65.0,5,2025-10-17,38.0,1
Who (Beautiful Mind Remix),2025-10-19,44.0,Jimin,64.0,9,2025-10-17,43.0,1
Who (Funky Remix),2025-10-19,47.0,Jimin,64.0,8,2025-10-17,44.0,1
double take,2025-10-19,41.0,Dhruv,82.0,5,2025-10-09,50.0,9
ETA,2025-10-20,45.0,NewJeans,79.0,15,2025-10-18,50.0,1
Sticky,2025-10-21,49.0,KISS OF LIFE,79.0,2,2025-10-19,40.0,1
New Jeans,2025-10-21,44.0,NewJeans,76.0,21,2025-08-19,50.0,62
You Were Beautiful,2025-10-21,33.0,DAY6,65.0,7,2025-10-19,46.0,1
SPOT!,2025-10-21,45.0,ZICO & JENNIE,78.0,2,2025-07-25,47.0,87
If I have you only (My love X Nerd Connection),2025-10-22,50.0,Nerd Connection,54.0,10,2025-10-20,47.0,1
Grain of Sand,2025-10-22,47.0,Lim Young Woong,58.0,2,2025-10-20,49.0,1
NEMONEMO,2025-10-22,48.0,YENA,68.0,2,2025-10-20,50.0,1
Do or Die,2025-10-22,46.0,Lim Young Woong,60.0,2,2025-10-20,43.0,1
Ditto,2025-10-23,48.0,NewJeans,77.0,24,2025-10-18,39.0,4
double take,2025-10-24,40.0,Dhruv,82.0,6,2025-10-22,49.0,1
Pump Up The Volume!,2025-10-24,47.0,PLAVE,63.0,3,2025-09-21,47.0,32
"How can I love the heartbreak, you're the one I love",2025-10-24,44.0,AKMU,61.0,2,2025-10-22,44.0,1
WAY 4 LUV,2025-10-25,47.0,PLAVE,60.0,2,2025-08-31,48.0,54
MEOW,2025-10-25,45.0,MEOVV,58.0,2,2025-10-23,47.0,1
NEMONEMO,2025-10-25,50.0,YENA,68.0,3,2025-10-23,44.0,1
ETA,2025-10-26,43.0,NewJeans,79.0,16,2025-10-21,42.0,4
You Were Beautiful,2025-10-26,49.0,DAY6,64.0,8,2025-10-23,46.0,2
Who (Funky Remix),2025-10-27,47.0,Jimin,65.0,9,2025-10-25,46.0,1
Who (Beautiful Mind Remix),2025-10-27,46.0,Jimin,65.0,10,2025-10-25,42.0,1
The Astronaut,2025-10-27,32.0,Jin,82.0,2,2025-06-09,50.0,139
You Were Beautiful,2025-10-28,49.0,DAY6,64.0,9,2025-10-26,49.0,1
Warmth,2025-10-29,50.0,Lim Young Woong,62.0,2,2025-10-26,47.0,2
double take,2025-10-31,49.0,Dhruv,82.0,7,2025-10-29,49.0,1
Warmth,2025-11-01,49.0,Lim Young Woong,62.0,3,2025-10-29,50.0,2
NEMONEMO,2025-11-01,48.0,YENA,69.0,4,2025-10-28,50.0,3
Home,2025-11-01,50.0,Lim Young Woong,62.0,2,2025-10-25,49.0,6
Melt Down,2025-11-01,46.0,DAY6,62.0,4,2025-10-30,48.0,1
You Were Beautiful,2025-11-02,42.0,DAY6,64.0,10,2025-10-29,43.0,3
Grain of Sand,2025-11-03,49.0,Lim Young Woong,58.0,3,2025-10-22,47.0,11
Who (Funky Remix),2025-11-03,50.0,Jimin,65.0,10,2025-11-01,42.0,1
Do or Die,2025-11-03,45.0,Lim Young Woong,59.0,3,2025-10-23,49.0,10
Who (Instrumental),2025-11-04,47.0,Jimin,65.0,6,2025-11-02,50.0,1
Who (Beautiful Mind Remix),2025-11-04,48.0,Jimin,65.0,11,2025-11-01,43.0,2
Who (Shibuyakei Remix),2025-11-04,42.0,Jimin,65.0,6,2025-11-02,48.0,1
London Boy,2025-11-05,49.0,Lim Young Woong,57.0,3,2025-10-18,45.0,17
Ditto,2025-11-05,48.0,NewJeans,77.0,25,2025-10-23,48.0,12
Grain of Sand,2025-11-05,46.0,Lim Young Woong,58.0,4,2025-11-03,49.0,1
NEMONEMO,2025-11-05,44.0,YENA,69.0,5,2025-11-03,48.0,1
ETA,2025-11-05,47.0,NewJeans,79.0,17,2025-10-26,43.0,9
Who (Instrumental),2025-11-06,43.0,Jimin,65.0,7,2025-11-04,47.0,1
Who (Acoustic Remix),2025-11-06,36.0,Jimin,66.0,5,2025-11-04,40.0,1
Who (Beautiful Mind Remix),2025-11-06,41.0,Jimin,65.0,12,2025-11-04,48.0,1
Who (Funky Remix),2025-11-06,40.0,Jimin,65.0,11,2025-11-04,46.0,1
Who (Rock Remix),2025-11-06,35.0,Jimin,67.0,5,2025-11-04,39.0,1
Who (Shibuyakei Remix),2025-11-06,37.0,Jimin,65.0,7,2025-11-04,42.0,1
You Were Beautiful,2025-11-07,48.0,DAY6,64.0,11,2025-11-05,38.0,1
London Boy,2025-11-08,50.0,Lim Young Woong,57.0,4,2025-11-05,49.0,2
CROOKED,2025-11-09,47.0,G-DRAGON,62.0,2,2025-11-05,40.0,3
Melt Down,2025-11-10,42.0,DAY6,61.0,5,2025-11-07,50.0,2
That's What I Like,2025-11-11,45.0,Bruno Mars,87.0,2,2024-06-21,43.0,507
NEMONEMO,2025-11-12,49.0,YENA,69.0,6,2025-11-06,47.0,5
London Boy,2025-11-13,49.0,Lim Young Woong,57.0,5,2025-11-09,50.0,3
Touch,2025-11-15,50.0,KATSEYE,85.0,3,2025-11-11,39.0,3
London Boy,2025-11-16,50.0,Lim Young Woong,57.0,6,2025-11-14,49.0,1
Who (Instrumental),2025-11-18,50.0,Jimin,65.0,8,2025-11-16,40.0,1
"How can I love the heartbreak, you're the one I love",2025-11-18,49.0,AKMU,62.0,3,2025-11-16,48.0,1
Drowning,2025-11-19,49.0,WOODZ,61.0,2,2025-11-17,49.0,1
Do or Die,2025-11-19,46.0,Lim Young Woong,59.0,4,2025-11-16,47.0,2
London Boy,2025-11-19,50.0,Lim Young Woong,57.0,7,2025-11-16,50.0,2
Who (Instrumental),2025-11-20,44.0,Jimin,65.0,9,2025-11-18,50.0,1
Who (Beautiful Mind Remix),2025-11-20,45.0,Jimin,65.0,13,2025-11-16,41.0,3
Who (Shibuyakei Remix),2025-11-20,41.0,Jimin,66.0,8,2025-11-18,48.0,1
Who (Funky Remix),2025-11-20,46.0,Jimin,65.0,12,2025-11-17,50.0,2
Armageddon,2025-11-21,50.0,aespa,72.0,2,2025-11-19,41.0,1
Welcome to the Show,2025-11-21,47.0,DAY6,59.0,6,2025-11-19,38.0,1
CRAZY,2025-11-22,45.0,LE SSERAFIM,80.0,2,2025-11-20,39.0,1
Drowning,2025-11-22,49.0,WOODZ,61.0,3,2025-11-19,49.0,2
You Were Beautiful,2025-11-23,46.0,DAY6,65.0,12,2025-11-20,48.0,2
I will come to you,2025-11-23,47.0,Jin,53.0,2,2025-11-21,37.0,1
You Were Beautiful,2025-11-26,48.0,DAY6,65.0,13,2025-11-23,46.0,2
Tick-Tack,2025-11-27,50.0,ILLIT,74.0,2,2025-11-24,49.0,2
"무제(無題) (Untitled, 2014)",2025-11-27,43.0,G-DRAGON,61.0,2,2025-11-05,50.0,21
CROOKED,2025-11-27,47.0,G-DRAGON,65.0,3,2025-11-10,50.0,16
